{
  "_format": "hh-sol-cache-2",
  "files": {
    "/home/runner/workspace/contracts/VotingSystem.sol": {
      "lastModificationDate": 1763019727170,
      "contentHash": "e8cd360cb63e33bffd2ff0aa26f8f671",
      "sourceName": "contracts/VotingSystem.sol",
      "solcConfig": {
        "version": "0.8.18",
        "settings": {
          "optimizer": {
            "enabled": false,
            "runs": 200
          },
          "outputSelection": {
            "*": {
              "*": [
                "abi",
                "evm.bytecode",
                "evm.deployedBytecode",
                "evm.methodIdentifiers",
                "metadata"
              ],
              "": [
                "ast"
              ]
            }
          }
        }
      },
      "imports": [],
      "versionPragmas": [
        "^0.8.0"
      ],
      "artifacts": [
        "VotingSystem"
      ]
    }
  }
}
